1.279705829914054849e-01,6.725840589052638208e-02,6.595367866843102056e-02,1.538730896603636433e-01,7.248861111849308481e-02,3.478142958295780268e-02,3.737393951777066153e-02,6.586895612154171353e-02,7.782613157251956626e-02,2.855714647148987345e-02,3.421661260369573965e-02,6.714544249467398196e-02,1.367647833585157735e-01,7.991595439578920435e-02,7.020110235248173958e-02,1.269595605985263664e-01,-5.262930270580091358e-02,-4.494980363306935039e-02,-2.467759341851649777e-03,-6.677291570209854810e-02,-3.308217567370865669e-02,-5.388538558549638841e-02,-2.168035238079607692e-03,-3.502974106240346768e-04,-7.017227144535327913e-06,3.978211113232065811e-03,1.159081229780731075e-03,4.019972775678860681e-03
1.282270947331672351e-01,6.746251092753749456e-02,6.579364821343799963e-02,1.544962300476964423e-01,7.244662280432624668e-02,3.467525861517856828e-02,3.714764782125190568e-02,6.592288674011910488e-02,7.781283119478088484e-02,2.847180933448546433e-02,3.383801772494009902e-02,6.709727161300393927e-02,1.374985542559422624e-01,7.958283710367429487e-02,7.044061610758038661e-02,1.275134733032324275e-01,-5.269169412405361880e-02,-4.502180743710026967e-02,-2.777771855530811185e-03,-6.703257573547938275e-02,-3.320810251675684888e-02,-5.395656582602492701e-02,-2.342788899649323950e-03,-4.098148428905968818e-04,1.722913952827317930e-04,3.890947138383470116e-03,1.071714842919386720e-03,3.878857320545459845e-03
1.280051555795427842e-01,6.777877523909701940e-02,6.561284817356791144e-02,1.543818380634209286e-01,7.241113757558206854e-02,3.471720267600728743e-02,3.730270723590591725e-02,6.607211543091831563e-02,7.747441733871689162e-02,2.835550066678301992e-02,3.405381663761224142e-02,6.763135611945368664e-02,1.378822365956467733e-01,7.965168433652627944e-02,7.054571871547976603e-02,1.270979609971222002e-01,-5.273379447225370886e-02,-4.508954889122217952e-02,-2.830665453742196164e-03,-6.718855233953056894e-02,-3.333012560642573813e-02,-5.413038738123091692e-02,-2.329501357531469155e-03,-3.952102073772089438e-04,9.246066038317072005e-05,3.826377548534720414e-03,1.200613200295932081e-03,3.933862918716933901e-03
1.278604634020228947e-01,6.723330782422747010e-02,6.602755767127971298e-02,1.543699843703530417e-01,7.240727796410656447e-02,3.476296567724011799e-02,3.672160207592520265e-02,6.501427467889639433e-02,7.747935372486330907e-02,2.855306934961718973e-02,3.407234821874422642e-02,6.732388060566955879e-02,1.377498789757305164e-01,7.835677754508349468e-02,7.060714393294513502e-02,1.283925784929951519e-01,-5.272082980739938723e-02,-4.511668575795040742e-02,-2.529532878144674299e-03,-6.713319487517829809e-02,-3.320082547616686613e-02,-5.410875556540391956e-02,-2.075356381321875974e-03,-1.205296911012383547e-04,2.061663326905904944e-04,4.253271516880765060e-03,1.351668292304862269e-03,4.262139781090444786e-03
1.276668256066855467e-01,6.705630873279176674e-02,6.574038582734201275e-02,1.543031125530140435e-01,7.219732957526923955e-02,3.493886832859414981e-02,3.736440419245282141e-02,6.568462638219584038e-02,7.741083769643673784e-02,2.856556374838618156e-02,3.420841959717924041e-02,6.749123240493194731e-02,1.374972157859564725e-01,7.962448766873994610e-02,7.036284382996003950e-02,1.275497307718785611e-01,-5.270647827084357084e-02,-4.505033951669785292e-02,-2.486668494684032490e-03,-6.713047079106862491e-02,-3.316144530318868716e-02,-5.392238829404611550e-02,-2.201451008000015249e-03,-3.277054817080141558e-04,5.295236347594001717e-06,4.137086126608751149e-03,1.205805600204097475e-03,3.976567495261854393e-03
1.283079779163397993e-01,6.739588930512875609e-02,6.611982214728324980e-02,1.526509707698340546e-01,7.156322574403864434e-02,3.494814558423734591e-02,3.828201473536525096e-02,6.531509511080409169e-02,7.829994064942122356e-02,2.842410853849566821e-02,3.414916659801876114e-02,6.711998289262162409e-02,1.362977677785256470e-01,7.934033774658355576e-02,6.944219519789002204e-02,1.279745910012270171e-01,-5.245326672212977104e-02,-4.479789675786552405e-02,-2.208729897360442018e-03,-6.633130940846458656e-02,-3.289141431540960198e-02,-5.356700261150005443e-02,-2.032423839136371715e-03,-3.428137199874775414e-04,-1.610230205729519111e-05,3.999870077469338224e-03,1.076180909401747631e-03,3.933676871225393577e-03
1.278156958352067996e-01,6.694262461791844476e-02,6.574979648159717804e-02,1.536695521852399493e-01,7.186373418497410404e-02,3.485277373195455608e-02,3.750473582107812648e-02,6.559445142198323808e-02,7.774465429893015478e-02,2.845588609856652962e-02,3.418700919075198796e-02,6.740865979676025077e-02,1.367535848008512855e-01,7.956995874939386260e-02,7.034911985373826226e-02,1.279821369705074485e-01,-5.255062566257759360e-02,-4.488754224896568390e-02,-2.471010620907483895e-03,-6.672993521078238177e-02,-3.305245385953602122e-02,-5.378365575566875639e-02,-2.111989845080231801e-03,-3.523906442935134035e-04,2.538611211836757525e-04,4.009876045583208107e-03,1.257123676881249583e-03,3.974368964711318467e-03
1.286797673142813514e-01,6.697626579823302839e-02,6.602009365901084781e-02,1.530372853348138662e-01,7.211085491579026507e-02,3.459353421613637486e-02,3.704199813333534930e-02,6.598140461291515657e-02,7.797500890258059203e-02,2.837565180789968639e-02,3.380869928105227629e-02,6.682150961385024956e-02,1.359533079802719979e-01,7.978234005590806310e-02,7.011007853198432394e-02,1.277567572145697772e-01,-5.248905744506609378e-02,-4.473119864479424557e-02,-2.041855463480042945e-03,-6.636784157941354179e-02,-3.282752937904927920e-02,-5.355451958708454946e-02,-1.958224635952745488e-03,-3.031251772249724994e-04,1.569039385161533952e-04,3.939871537648050384e-03,1.157033785431961026e-03,3.994985277836098254e-03
1.297552633242336773e-01,0.000000000000000000e+00,6.616603717397627482e-02,2.214440001617112019e-01,0.000000000000000000e+00,0.000000000000000000e+00,0.000000000000000000e+00,0.000000000000000000e+00,7.828039549327800439e-02,0.000000000000000000e+00,3.387223668191502446e-02,9.567108114686125042e-02,2.093352193554478269e-01,0.000000000000000000e+00,1.077854394661629939e-01,3.098308492804840442e-01,-5.041327782394498108e-02,-3.888853538125176118e-02,2.154014974834189168e-03,-9.003744860929009663e-02,-3.726716303148051856e-02,-5.151106587497910477e-02,5.308965511758805380e-04,7.751847830693146292e-04,-2.228644991068520764e-03,9.049754588056397112e-03,3.411686941936895381e-03,2.284075788871936519e-03
1.281745840216259313e-01,6.729832925023111756e-02,6.615444829980225705e-02,1.544729517771998573e-01,7.248392289217527040e-02,3.453431059866169522e-02,3.747571875690733356e-02,6.536462573879185667e-02,7.802902197568277465e-02,2.878767058579291549e-02,3.449618123364740080e-02,6.713491768588412956e-02,1.374073374072302955e-01,7.923826755185042758e-02,7.032144319065024296e-02,1.267093269946480139e-01,-5.273257657028248419e-02,-4.512358752453718425e-02,-2.815313946755604747e-03,-6.703734740165842587e-02,-3.323265588445065144e-02,-5.403255934250225656e-02,-2.229793703848882268e-03,-3.430456467866589460e-04,2.481487707446410258e-04,3.966443514146013143e-03,1.232810328417027496e-03,4.016419446733018005e-03
1.293541445929949629e-01,6.710536789908018440e-02,6.579641258685677008e-02,1.554904345422037371e-01,7.233507253436534390e-02,3.475459852361440644e-02,3.642443403874053715e-02,6.566796370107783054e-02,7.681855030941099616e-02,2.857070216540001303e-02,3.414905377637085515e-02,6.672613785535190523e-02,1.392385921843643515e-01,7.875140020970353150e-02,6.989454370456560373e-02,1.280390726671630230e-01,-5.244745328415529456e-02,-4.490751628353799318e-02,-3.022513218307416091e-03,-6.737103951096835852e-02,-3.334598248408850163e-02,-5.383856457696765963e-02,-2.565291407305458817e-03,-5.053371785521653661e-04,1.267603038217850718e-04,3.973941828220087062e-03,9.896727017137923587e-04,3.796841818863216835e-03
1.293359133893438595e-01,6.679529427023021826e-02,6.504373457298222305e-02,1.547148953856392617e-01,7.191332686077045455e-02,3.483864660235459071e-02,3.737281807922403221e-02,6.572075587440076583e-02,7.690713535930727984e-02,2.849079550098066252e-02,3.420510373313723207e-02,6.616175140101285268e-02,1.377334620087739547e-01,7.972702224778455138e-02,6.914312960909455019e-02,1.293172797755433312e-01,-5.223099059896537527e-02,-4.463091660945931599e-02,-2.815006846028194221e-03,-6.660335371288599038e-02,-3.305563802264629980e-02,-5.347583763197763518e-02,-2.435136175883660572e-03,-5.835619618863505369e-04,1.710827337878094315e-04,3.602920315667430037e-03,9.038368270651172230e-04,3.731537012632742557e-03
1.278097089650683527e-01,6.684907593538221005e-02,6.575818910225525449e-02,1.549059303040283275e-01,7.222726532235759778e-02,3.469137429003209261e-02,3.680863314357420146e-02,6.548253490248660824e-02,7.704241634384810522e-02,2.856246708241019436e-02,3.406382111183540312e-02,6.795755771743057505e-02,1.382376486924862813e-01,7.911275533359982126e-02,7.099561889785942215e-02,1.281967978413392217e-01,-5.272074925120300015e-02,-4.512619756316409159e-02,-3.046716580415431957e-03,-6.725079256170181374e-02,-3.338652602175252310e-02,-5.415296441896473578e-02,-2.265960284667135807e-03,-2.898174544272889234e-04,2.215354413659858049e-04,4.030542990113257680e-03,1.233428509762653051e-03,4.052422209060437333e-03
1.271790174035148935e-01,6.769705256308759800e-02,6.582768373243426396e-02,1.535922980800052962e-01,7.221281702749716980e-02,3.519143129994988656e-02,3.845156549557724596e-02,6.555741354005063803e-02,7.792227484160103856e-02,2.877251423083902748e-02,3.429053065867117278e-02,6.721844909740827545e-02,1.369819425064289498e-01,7.975785989820642630e-02,6.962835831282884747e-02,1.269650535012112058e-01,-5.273033308627230603e-02,-4.515243356282435533e-02,-2.571427638381400087e-03,-6.686536233596029888e-02,-3.311650307633133561e-02,-5.388384871525943309e-02,-2.128619030774348345e-03,-2.429848378265086269e-04,2.041214007222355922e-04,4.032902378847860736e-03,1.244266611706944378e-03,3.963959703041062405e-03
1.274779288916555176e-01,6.776562577352644723e-02,6.569428628520920799e-02,1.542355603145078025e-01,7.274589558150233726e-02,3.485622925832215085e-02,3.759537765270888621e-02,6.578483664535422770e-02,7.768089020940571743e-02,2.867616717842479818e-02,3.409221059459857650e-02,6.755622806569110128e-02,1.372630271848263306e-01,7.968431692761419882e-02,7.062362151560351575e-02,1.268440763706404073e-01,-5.289831311825050203e-02,-4.522359856995176314e-02,-2.864873989388204596e-03,-6.707659885675382183e-02,-3.333327487415351648e-02,-5.411619202952393931e-02,-2.070387488789216055e-03,-2.411672242015784216e-04,2.835834065015039313e-05,3.984102282833482112e-03,1.250082119687123943e-03,3.985584958250568653e-03
1.279518885566266750e-01,6.683532818889018068e-02,6.567162543458565649e-02,1.536586365433824652e-01,7.189466444927129773e-02,3.485566821226426110e-02,3.716090795412466119e-02,6.572149840977012381e-02,7.738623316125126106e-02,2.832784990478456194e-02,3.402445195918959303e-02,6.748367686628842232e-02,1.368791511146485729e-01,7.961389271949134705e-02,7.036522654361392071e-02,1.280848831571186064e-01,-5.253434911802096902e-02,-4.486900215398362257e-02,-2.245743906810132324e-03,-6.678555074591521756e-02,-3.300908585485795577e-02,-5.377548993494132151e-02,-2.099415712051882175e-03,-2.896807206275014697e-04,3.285971898387341134e-04,4.021474838781113718e-03,1.312511567645973558e-03,4.030151375641230840e-03
1.302273947838893386e-01,6.736367111531328666e-02,6.653009651298094629e-02,1.543807271636656597e-01,7.169419282986913555e-02,3.417655869562624682e-02,3.515922794227820114e-02,6.514080550909369383e-02,7.834245856066615610e-02,2.674893459679492103e-02,3.440697769139291345e-02,6.709258994382308328e-02,1.382310663721373345e-01,7.788839759842007548e-02,7.049465864602502685e-02,1.292176174200883598e-01,-5.173799078292157239e-02,-4.402937644429412434e-02,-3.021444508874615489e-03,-6.663172867074239336e-02,-3.302518365537162465e-02,-5.346801232311733376e-02,-2.681650997791250064e-03,-7.370017448890067453e-04,3.491097307721238653e-04,3.635381916827064817e-03,7.981828414166367057e-04,3.454339256921708581e-03
1.291149166113691737e-01,6.763932933978702988e-02,6.721715522552641764e-02,1.534462180632555350e-01,7.251544035949704370e-02,3.455495125223073671e-02,3.562445900835761042e-02,6.548624135705792548e-02,7.895359560197130755e-02,2.737799130980040838e-02,3.486454560268851394e-02,6.751971334074652331e-02,1.368266304318629667e-01,7.860882007532514482e-02,7.100968601863420770e-02,1.278976479152511003e-01,-5.177170256045075802e-02,-4.413297597992920512e-02,-3.522235719183899362e-03,-6.604908758927685586e-02,-3.300935593333995111e-02,-5.347093614812058887e-02,-2.807195596427311795e-03,-8.675819449915020149e-04,-3.348638375812622957e-07,3.169126838848687101e-03,5.049412985245188687e-04,3.299996684822751377e-03
1.331409198478026301e-01,7.123577517463294817e-02,6.758725940162488288e-02,1.581422246530054532e-01,7.356843279999876473e-02,2.984605525788567443e-02,3.648515773008068758e-02,6.555366044617776111e-02,8.343736890731566491e-02,2.655640988878004219e-02,3.283664195707261535e-02,6.704895379577123504e-02,1.399594575219488546e-01,7.781506591284421959e-02,7.297031546016137515e-02,1.151973996526809846e-01,-5.435120211584537619e-02,-4.605138966931247857e-02,-3.182973011743325028e-03,-6.981330170807624469e-02,-3.400068407308956542e-02,-5.600200314967582194e-02,-1.361078218281536016e-03,3.815839015342453776e-04,9.399826225385891606e-04,4.787914664005781668e-03,2.806653026141228604e-03,4.465399324020707071e-03
1.270661791896839365e-01,6.817066817262719403e-02,6.717714946607546145e-02,1.515706580568727257e-01,7.322163390453710619e-02,3.550266147188391869e-02,3.631554041360807172e-02,6.644069504023990269e-02,7.893262954639397588e-02,2.800611123153895834e-02,3.487736997824995855e-02,6.756621972878103233e-02,1.347572645613817066e-01,7.980108995421893170e-02,7.101227062703042991e-02,1.264825737956255802e-01,-5.179115746709455487e-02,-4.420572813247202609e-02,-3.150956616297017222e-03,-6.546210768355179010e-02,-3.279253551187964050e-02,-5.346021148723433675e-02,-2.765767294000291698e-03,-8.290830916949347299e-04,1.602007510176314841e-04,3.318037853744031877e-03,6.386459383682360552e-04,3.439947602345750591e-03
1.277253916017997981e-01,6.789454644200143552e-02,6.683150863203191072e-02,1.534760838143512107e-01,7.291600136014698974e-02,3.494037433294593792e-02,3.578660837904010933e-02,6.596429357653044168e-02,7.825916508920438552e-02,2.736622993691302172e-02,3.435989973934415465e-02,6.755885029148474274e-02,1.370199787692307491e-01,7.940612693680308698e-02,7.056612830653014035e-02,1.270679866403712499e-01,-5.204255021809572196e-02,-4.436558999151600513e-02,-3.206515809232254616e-03,-6.647152990542334883e-02,-3.301831644652383074e-02,-5.377773314823139361e-02,-2.519242229915595339e-03,-5.939742823680098762e-04,4.871857515584122975e-04,3.684259276790850714e-03,1.064913767973462181e-03,3.619919386254244822e-03
1.446322983887904645e-01,5.553392047839633694e-02,5.675444620319625849e-02,1.269346753791916194e-01,7.567259493759501132e-02,3.722603460639754142e-02,3.722603460639754142e-02,5.797497192799617310e-02,7.323154348799516822e-02,3.966708605599738452e-02,3.600550888159762680e-02,5.614418334079630118e-02,9.031890363519404219e-02,7.506233207519505402e-02,7.567259493759501132e-02,1.495144012879901230e-01,-4.707693919888531614e-02,-3.991741749487928009e-02,8.197684524201463707e-03,-4.721030348173078234e-02,-2.626569226623024292e-02,-4.375708451256870440e-02,-6.685526173927911799e-04,-1.003803388397057949e-03,2.935973043632137108e-03,4.071659793627362654e-03,8.022910097053149005e-04,2.320654358596128172e-03
1.262130661240630503e-01,6.847561217301577352e-02,6.718427095918419467e-02,1.528133140153959402e-01,7.332332090087549659e-02,3.548080832442063182e-02,3.635090989095956376e-02,6.596198542523665220e-02,7.841272450832938168e-02,2.824377307257306194e-02,3.494907958931351560e-02,6.836512308520130421e-02,1.367302461704026084e-01,7.891683097148288750e-02,7.148643981595999286e-02,1.251910420617792230e-01,-5.252161989577933815e-02,-4.493075831533792364e-02,-3.612144297809973155e-03,-6.654442543879633687e-02,-3.325524245351329372e-02,-5.427871834978937465e-02,-2.202656927680925018e-03,-3.416001996842678821e-04,5.660200469973111857e-04,3.864805432001437030e-03,1.267801202730717671e-03,3.889992108468652999e-03
1.289650195555544776e-01,6.803009122186208513e-02,6.656578542141229626e-02,1.547283129141924785e-01,7.224616009658701987e-02,3.399028681720362571e-02,3.542629685339349771e-02,6.546932455634121850e-02,7.799020024134650786e-02,2.691634575222888806e-02,3.423080081341276643e-02,6.813620033783669705e-02,1.390949031605983044e-01,7.819534453223077330e-02,7.105066405660628859e-02,1.279605199243280811e-01,-5.228512903400317491e-02,-4.457355612341670770e-02,-3.580166842215129746e-03,-6.723021216295685387e-02,-3.340441052703758962e-02,-5.413109897731738229e-02,-2.499449884673305474e-03,-5.908906560130613127e-04,5.755045410696313845e-04,3.851813657817031687e-03,1.169367585482160299e-03,3.701972168129426168e-03
1.301679567535779791e-01,6.745684894384497421e-02,6.671099533027799455e-02,1.556193862572439468e-01,7.218278865458793714e-02,3.376802731866055535e-02,3.535214118818333362e-02,6.510708003738618910e-02,7.828162705225062690e-02,2.690353388406185181e-02,3.375482636974786593e-02,6.737104277591249302e-02,1.393294152989846824e-01,7.828162705225062690e-02,7.049306719376363661e-02,1.287686561688328457e-01,-5.217356828551002190e-02,-4.437637549945225995e-02,-3.672248022823021169e-03,-6.726494010991942996e-02,-3.336732617535185380e-02,-5.381462276516969789e-02,-2.471248137408346094e-03,-5.977648193002037215e-04,-3.692697171797833656e-04,3.974435683743264384e-03,9.510536942641258876e-04,3.632853874539742831e-03
1.279038699393782730e-01,6.640755060246594788e-02,6.756313442965503069e-02,1.540296942990781182e-01,7.168471674662942050e-02,3.368526856256175150e-02,3.507196915518865504e-02,6.509788893165165125e-02,7.856044051840445352e-02,2.739696656960783142e-02,3.462899535476617052e-02,6.793869917349147636e-02,1.377455922009386269e-01,7.805968752662252597e-02,7.126100267666009291e-02,1.306194919332726301e-01,-5.179074568990479910e-02,-4.418293576544737172e-02,-2.862827531067801360e-03,-6.651645442167115896e-02,-3.297856953621430137e-02,-5.351621748745691298e-02,-2.911057327044420939e-03,-8.330223944861757076e-04,2.652242020564903480e-04,3.627184059797900449e-03,6.329590650462514753e-04,3.411494206019623394e-03
1.300207117075765362e-01,6.706570730154778892e-02,6.625745849874219162e-02,1.549059346127078796e-01,7.149213238566275164e-02,3.399065082423799455e-02,3.521565291599020736e-02,6.512085861979684254e-02,7.780026171380946542e-02,2.668483938012813569e-02,3.403485193064142295e-02,6.693310398233749681e-02,1.389303918697537277e-01,7.807809723977388039e-02,6.994509366154268160e-02,1.294145251054723555e-01,-5.187085692652516900e-02,-4.412312621125538681e-02,-2.774401720369596997e-03,-6.703722916575449720e-02,-3.304913549945322215e-02,-5.360214282145178005e-02,-2.459890627343708832e-03,-5.751816307329761773e-04,6.219159752967554772e-04,4.121184965301063867e-03,1.159894958546891673e-03,3.698696954020307646e-03
1.298790317649745063e-01,6.708451437889546842e-02,6.667056730064124803e-02,1.546217775788061022e-01,7.153130950741425076e-02,3.418199358311333619e-02,3.543637866873217829e-02,6.524056830303577581e-02,7.817955046119408336e-02,2.683756890681504234e-02,3.401265159655479653e-02,6.694026009404931143e-02,1.386659992897344706e-01,7.829244511889978109e-02,6.984416156725690994e-02,1.293082865510179202e-01,-5.181672640107227307e-02,-4.410999908309576334e-02,-2.985829835253381824e-03,-6.679495531781029505e-02,-3.302996769865730597e-02,-5.353308118069597527e-02,-2.609360654307312129e-03,-6.761336604991660887e-04,4.201593941735812807e-04,3.767658132274486187e-03,1.003819028845518617e-03,3.637352604962792481e-03
1.302278023227703141e-01,6.691674929359842094e-02,6.676133135116624207e-02,1.540999982803528123e-01,7.127466839939668175e-02,3.419194733507908979e-02,3.539177385065549880e-02,6.524445223302818841e-02,7.834929313890941216e-02,2.667593563905897372e-02,3.410491328731707350e-02,6.689809914050656725e-02,1.381479006691140876e-01,7.831820955042298471e-02,6.977022271665320186e-02,1.294320624575175660e-01,-5.166727044355119008e-02,-4.393759514321008558e-02,-2.824883467066316867e-03,-6.652092252516132731e-02,-3.287557418827224270e-02,-5.330230996917511427e-02,-2.605205655308859888e-03,-7.149250699406672340e-04,4.461763418437005957e-04,3.651696275737032881e-03,9.645971070826631381e-04,3.580857071475393536e-03
1.298872560358199368e-01,6.715515570726061922e-02,6.657796266493364035e-02,1.548696766287115667e-01,7.176642620845985476e-02,3.416731857079047946e-02,3.536562151736062642e-02,6.510988470944981121e-02,7.799007292572467109e-02,2.692731019203686155e-02,3.396655577345936150e-02,6.702340512151207241e-02,1.388400220293047049e-01,7.815946653597279081e-02,6.999720405697933134e-02,1.290591094968290553e-01,-5.196129968726543452e-02,-4.423383391305483331e-02,-3.080159534758770100e-03,-6.696382414803168925e-02,-3.310843895688392324e-02,-5.361316666403771747e-02,-2.493482981646132426e-03,-5.994131642944816943e-04,4.951563595996973099e-04,3.920359254319570608e-03,1.124603173325028436e-03,3.651052088123232786e-03
1.300226477383785995e-01,6.714238098374611385e-02,6.662291625391288108e-02,1.547316447670726292e-01,7.166735688337777521e-02,3.421582744576249363e-02,3.535489468467391955e-02,6.513962539884690650e-02,7.799481280941873707e-02,2.686821789366350757e-02,3.395296577524447440e-02,6.700469153728429161e-02,1.388285137007323200e-01,7.815127808948899024e-02,6.988991130177972522e-02,1.290901146691599000e-01,-5.190502226876377717e-02,-4.418126860889708823e-02,-3.072890839043841780e-03,-6.690864552450589975e-02,-3.307479928097644545e-02,-5.355315471395814819e-02,-2.504877452020546832e-03,-6.153993338363969836e-04,5.038322272477409802e-04,3.882806949879376475e-03,1.119423446397256215e-03,3.632195465934502741e-03
1.310552100596783232e-01,6.750137451891302653e-02,6.612898792104135448e-02,1.547867041509649322e-01,7.249747853813126586e-02,3.477997720786027425e-02,3.537365006199576917e-02,6.565096562290627380e-02,7.723915133414856193e-02,2.733979143849978380e-02,3.431737498385858259e-02,6.674579088637694335e-02,1.386804367186394715e-01,7.868092826562049502e-02,6.982209567598816891e-02,1.291045706818045313e-01,-5.173036067751779488e-02,-4.412720633687802763e-02,-3.583725379349322632e-03,-6.652496704520166615e-02,-3.314591891412130287e-02,-5.351681629258785849e-02,-3.000479974441588090e-03,-1.070823021574730544e-03,-2.883786051829948183e-05,3.212054528694086985e-03,5.155711409324046767e-04,3.297021766136285729e-03
1.286928127565487023e-01,6.682446648433867931e-02,6.656668170820446984e-02,1.532239446789975534e-01,7.246246900753200437e-02,3.546619581330318766e-02,3.580713696883552899e-02,6.680783520845903767e-02,7.721901390910514140e-02,2.762454923605936474e-02,3.414400938087289866e-02,6.676625701875997521e-02,1.369419255928433499e-01,8.062842546442852698e-02,6.923600148688449640e-02,1.304307810859696437e-01,-5.133537460669330976e-02,-4.377744188564459960e-02,-3.526392188105192168e-03,-6.557647354238479998e-02,-3.278869771752924295e-02,-5.292447970588535361e-02,-3.253943190317081565e-03,-1.222084671790066952e-03,-2.652033290284688469e-04,2.753199137948551464e-03,4.183946043503262047e-05,3.032546437851999562e-03
1.294239540965603230e-01,6.682379888476168428e-02,6.566482483822116967e-02,1.559714602767129921e-01,7.225308670009908396e-02,3.458254101287980969e-02,3.436474723232186418e-02,6.601485055697502158e-02,7.680342104389906166e-02,2.696753704265728718e-02,3.354802055522955462e-02,6.682379888476168428e-02,1.394035762556976865e-01,7.884134856197701213e-02,7.056518490077499928e-02,1.306762683347685028e-01,-5.186167577597940864e-02,-4.415093239722229362e-02,-3.132235683938336228e-03,-6.713247364838036135e-02,-3.316768531426381866e-02,-5.380179344959717946e-02,-2.865868032580382984e-03,-8.238092486740386088e-04,1.559838864106192764e-04,3.796758419374030632e-03,6.730111325642980239e-04,3.582300933989166023e-03
1.310271483801380143e-01,6.728076902241351964e-02,6.568074126880429908e-02,1.570017282807692760e-01,7.188184385617535366e-02,3.383143260118995355e-02,3.472299035444484372e-02,6.503595396511104021e-02,7.724711104986994870e-02,2.626115203560603489e-02,3.309908158958772134e-02,6.650065598831549074e-02,1.408422440030244194e-01,7.809886711771167611e-02,6.960518745054233847e-02,1.297932961323299272e-01,-5.219187627660078210e-02,-4.434296230443398462e-02,-3.114870388385367755e-03,-6.787678026460912395e-02,-3.339372051691050225e-02,-5.392427580248228269e-02,-2.376768903538091157e-03,-4.575176932146495326e-04,5.948991494537169506e-04,4.208685292154213352e-03,1.201600211199782423e-03,3.763384401333165312e-03
1.297615159691291320e-01,6.679533823157232653e-02,6.637211522960219379e-02,1.536097962388748572e-01,7.159858341266195358e-02,3.473115746326348868e-02,3.542309348235752470e-02,6.579438224278580383e-02,7.764462629794960380e-02,2.713329690408534597e-02,3.436839489014623106e-02,6.703717994698382698e-02,1.375340399894378063e-01,7.888742400214762696e-02,7.001989443705906868e-02,1.303056598288050150e-01,-5.142837128217096071e-02,-4.383887639390104257e-02,-3.028891839997459746e-03,-6.605056133383653549e-02,-3.283968168811764871e-02,-5.316727628127555783e-02,-2.910079452119437252e-03,-9.346929649074573083e-04,-1.109866382504784095e-05,3.399777106116243491e-03,4.639247715904294602e-04,3.329329455582594015e-03
1.304064615497646795e-01,6.647106193158520970e-02,6.586603794795756195e-02,1.540975692232740279e-01,7.136563797890994876e-02,3.435720464330452306e-02,3.551966645454415067e-02,6.549894474440820513e-02,7.717794703510809373e-02,2.677061176995117198e-02,3.421444617525755405e-02,6.721204636097186103e-02,1.378910840887987710e-01,7.914257547632594370e-02,6.977490076352940718e-02,1.311270519122874900e-01,-5.144282384927203328e-02,-4.380377190257218195e-02,-2.941153217820254625e-03,-6.620096032900929517e-02,-3.288333482122002271e-02,-5.319311601360027925e-02,-2.896673850718296372e-03,-9.409752384562015438e-04,9.315287192494011836e-05,3.416079217562454414e-03,5.280208602342925748e-04,3.372308216968333133e-03
1.301036920993888790e-01,6.696384629385891685e-02,6.634337355148454962e-02,1.537693318058196423e-01,7.177925431619905372e-02,3.459135538737056342e-02,3.562322853501487946e-02,6.563522531290512385e-02,7.767374536875547297e-02,2.721312516826676631e-02,3.436205024344960585e-02,6.730105974080149989e-02,1.376235519662085960e-01,7.886748097093222720e-02,7.021458392238545676e-02,1.295439177774641848e-01,-5.157689359465111867e-02,-4.398731405050013837e-02,-3.242417528818286078e-03,-6.614114262863610150e-02,-3.296346185068184387e-02,-5.334905091955141621e-02,-2.879507500242964139e-03,-9.031811514837454402e-04,1.883260277179875790e-05,3.486894703016137857e-03,5.404554464112746063e-04,3.387964012060967495e-03
1.297126520598604893e-01,6.708490697040080109e-02,6.620342678980001283e-02,1.554888386312998638e-01,7.171978662968885032e-02,3.405072633127263770e-02,3.502461975661383398e-02,6.545701212074288289e-02,7.736410326998749420e-02,2.697755875306464407e-02,3.406494375354039011e-02,6.712045052607019946e-02,1.396932824918243332e-01,7.813895278358012897e-02,7.023406600270848399e-02,1.294425210367731449e-01,-5.191926204367879744e-02,-4.418301222483112661e-02,-3.097411379618212734e-03,-6.734045607494681951e-02,-3.323195572560055933e-02,-5.355879885208657265e-02,-2.654467238185367461e-03,-8.121915861229960345e-04,3.298396725098781462e-04,4.177935070741204369e-03,1.102921422625081829e-03,3.409011051966126700e-03
1.305883161164206607e-01,6.707569402642110656e-02,6.713796130297992881e-02,1.540354050339597380e-01,7.128911307356813887e-02,3.426083927992133044e-02,3.529862722256838642e-02,6.509697834910739556e-02,7.914170850626416065e-02,2.695481216368609059e-02,3.455833849014681991e-02,6.672976471220543049e-02,1.378182387835284739e-01,7.766113104142104151e-02,7.038969685660736997e-02,1.281391365717736430e-01,-5.158864999644505178e-02,-4.392624240602997082e-02,-3.049261873032262961e-03,-6.637817520016377204e-02,-3.286514010740057556e-02,-5.324893718106130103e-02,-2.692607930900530345e-03,-7.424955652259888688e-04,3.710254998047467765e-04,3.664398130104530148e-03,8.039498029314988328e-04,3.476375296838935241e-03
1.315137931894443390e-01,6.728895446656665835e-02,6.590280686823116185e-02,1.565434846909671829e-01,7.092455211483254807e-02,3.337697506518349372e-02,3.495766969486432257e-02,6.417620196504134067e-02,7.793432483799403454e-02,2.610577976865172123e-02,3.355328331234020550e-02,6.697281554063048981e-02,1.408702894782088988e-01,7.666368953951983867e-02,7.015244358418075421e-02,1.295683228759910155e-01,-5.216790879756845467e-02,-4.431634826919422787e-02,-2.826219190273154044e-03,-6.791677206294931268e-02,-3.337693493682251933e-02,-5.397810235093133957e-02,-2.226619809160369778e-03,-3.771169271747817063e-04,8.979678190959659162e-04,4.415870359685882332e-03,1.523180856910512013e-03,3.843616315733861585e-03
1.302304183657996550e-01,6.646749921997650856e-02,6.520970655898469803e-02,1.519517807444820401e-01,7.031256486756805313e-02,3.504875093685985710e-02,3.868527065102270179e-02,6.526184304234186606e-02,7.722716597281317763e-02,2.873371939022221697e-02,3.491189266804727021e-02,6.667604515340520843e-02,1.360827386226423630e-01,7.905845995073389199e-02,6.874195330643319279e-02,1.310906703411930108e-01,-5.178419574759321464e-02,-4.435119205533220865e-02,-2.420655931427139699e-03,-6.534761182776231692e-02,-3.268411636631256972e-02,-5.279395972164396128e-02,-2.551947996649030822e-03,-7.045198507856214459e-04,-2.813173628059970543e-04,3.316972885099874965e-03,5.117525164011239858e-04,3.400311666285313859e-03
1.303351398581585052e-01,6.650445793133603900e-02,6.545194463860576350e-02,1.518364828382198772e-01,7.042686771790850064e-02,3.517747843591066681e-02,3.869457254453730066e-02,6.511853980674710274e-02,7.738914508907460132e-02,2.882317458166328353e-02,3.500096999551490645e-02,6.675941456746324609e-02,1.359703352515342634e-01,7.891234755619358499e-02,6.882521705505807719e-02,1.306620073403728932e-01,-5.177591990742758804e-02,-4.437460171488299271e-02,-2.571343684771737383e-03,-6.527269054792633751e-02,-3.269662603727701428e-02,-5.276867592985995392e-02,-2.624727218857700502e-03,-7.210461148413789545e-04,-1.848317286335362034e-04,3.192155014496724039e-03,5.277579460948552455e-04,3.382454715588001631e-03
1.297875176760474591e-01,6.639565827611444704e-02,6.530986950485405396e-02,1.517178501638396515e-01,7.073231163198678839e-02,3.526537901387042512e-02,3.869179028605141540e-02,6.497177958805441800e-02,7.673340765518044115e-02,2.898470863640013537e-02,3.509633405547060020e-02,6.735791419315957651e-02,1.359641603868101678e-01,7.901551459357802898e-02,6.907437069383469408e-02,1.313349292183227379e-01,-5.185887320253693838e-02,-4.447559287875671452e-02,-2.633285701113830587e-03,-6.529848848844513332e-02,-3.278081178872538359e-02,-5.298441382882750766e-02,-2.584509423895802599e-03,-7.568314068802716810e-04,-3.070723516545040494e-04,3.261410956206308321e-03,5.363341635909133496e-04,3.448638377463932904e-03
1.302174137758829453e-01,6.674725403843349836e-02,6.531587951616460441e-02,1.523158274530166945e-01,7.067725601624194609e-02,3.499334029441575344e-02,3.847132926519191559e-02,6.473830734051225222e-02,7.683593323705677214e-02,2.890999857477297152e-02,3.501845212813977509e-02,6.742527354898192327e-02,1.368720497127471070e-01,7.822964000873962320e-02,6.938399657945513999e-02,1.307008165750702666e-01,-5.210025486422956847e-02,-4.470105678529206344e-02,-2.683645826617288635e-03,-6.580011279736087959e-02,-3.294749768714543003e-02,-5.329507150987145697e-02,-2.433160828330090467e-03,-6.006559367235970873e-04,-1.984505979358585129e-04,3.513024853832171640e-03,7.486624297954969174e-04,3.645451485055462015e-03
1.286698317862782215e-01,6.643508353230319352e-02,6.526978675445979650e-02,1.511133160555896415e-01,7.095801509376313543e-02,3.565018108486986415e-02,3.931066135877339662e-02,6.553971425667211304e-02,7.676474819013529016e-02,2.953401890059579107e-02,3.525516522797379759e-02,6.746870835784789244e-02,1.350954230584542060e-01,7.983270467869472975e-02,6.919361093296071130e-02,1.309740909515052787e-01,-5.182619883957614165e-02,-4.457316196697475724e-02,-2.987000841525683410e-03,-6.488641498011973874e-02,-3.273364526789213080e-02,-5.288031403416148385e-02,-2.683142082936703851e-03,-7.695273237942282935e-04,-4.270474872183475956e-04,2.952051732440335186e-03,3.848450709171508197e-04,3.364495799964765770e-03
1.298689955762583059e-01,6.689532069726740471e-02,6.548074958085205177e-02,1.527421053247245142e-01,7.091800730957358023e-02,3.486538898986248775e-02,3.864178866672134810e-02,6.477977907227122634e-02,7.716990644015932210e-02,2.894187243987317304e-02,3.485907394023563671e-02,6.706582703719247973e-02,1.370302618531110683e-01,7.850238191142558386e-02,6.905506766965156806e-02,1.298816256755120080e-01,-5.223980504887608400e-02,-4.478270800591582779e-02,-2.673031339584731620e-03,-6.598847586516339014e-02,-3.297517860195589567e-02,-5.338319265146945075e-02,-2.283019082121455316e-03,-4.991237185698151665e-04,-1.587444511474074603e-04,3.614512250144645729e-03,8.767459889342734021e-04,3.793868341033393085e-03
1.281861202740010586e-01,6.649716823269763433e-02,6.536271941936455665e-02,1.512444519682592248e-01,7.098219842494464527e-02,3.575492451789862025e-02,3.950783948758766068e-02,6.559356656161258181e-02,7.690507653176496816e-02,2.958141237092331774e-02,3.531301713130957642e-02,6.749310876068190246e-02,1.352170646636118023e-01,8.000502387052392528e-02,6.910244312378230336e-02,1.306265043491942890e-01,-5.189275602310954721e-02,-4.463230848797744565e-02,-3.043481566569680285e-03,-6.500069328026938931e-02,-3.278117017355637597e-02,-5.297371679634989283e-02,-2.677865617950932371e-03,-7.734033555487603365e-04,-4.301969771428116370e-04,2.993653771685098400e-03,4.104103336614482386e-04,3.428888484970152306e-03
1.386207545498152338e-01,6.434951182578335649e-02,6.746777010809003328e-02,1.610155185772904896e-01,6.973559431340398129e-02,2.863128059208862666e-02,2.976519269474560414e-02,7.994080323731675430e-02,6.945211628773972912e-02,3.146606084873106168e-02,2.919823664341711367e-02,5.754603920984149856e-02,1.536450899100201550e-01,8.390949559661618762e-02,6.094777551781242059e-02,1.309668478568806471e-01,-5.088751560436785559e-02,-4.372046752084567806e-02,-6.789258327463678841e-03,-6.865928304831228624e-02,-3.295680447466032420e-02,-5.187546370111906224e-02,-5.637098727694867147e-03,-3.037303744120145154e-03,2.184728190939827248e-03,1.886241208927751274e-03,-4.097565543060278882e-04,3.243894533429402850e-03
1.502194381721883021e-01,8.780431949501148192e-02,6.664665214681593508e-02,1.491615548047785511e-01,7.563866076979904041e-02,3.702591785934219309e-02,3.755485954304707552e-02,6.664665214681593508e-02,8.727537781130659256e-02,2.803390923635908430e-02,3.861274291045685425e-02,5.712570184012794733e-02,1.406984878655003213e-01,6.400194372829150213e-02,6.823347719793060318e-02,9.309373633206036169e-02,-5.107832430519477357e-02,-4.447657706236301384e-02,-7.754272540645649331e-03,-6.559637334254408980e-02,-3.562562957329681868e-02,-5.422614197875660208e-02,-4.668176104203889017e-03,-2.197118845472726626e-03,9.103430813040111827e-03,3.900115706195535106e-04,4.986505870463234930e-03,3.369233638522892236e-03
1.297673863313714149e-01,6.677921104112378992e-02,6.452901037304238641e-02,1.541125806395286235e-01,7.087259933654836697e-02,3.446237560650768084e-02,3.780569701257178311e-02,6.451738142902130324e-02,7.525089676048969667e-02,2.843858260358175793e-02,3.422398225407528860e-02,6.753509240249480627e-02,1.392914914846462016e-01,7.797788413343588465e-02,6.889567885296263294e-02,1.320873606635794006e-01,-5.261354121027117525e-02,-4.510562529787632419e-02,-2.508316608471364458e-03,-6.706601409799053948e-02,-3.323731501692325091e-02,-5.374745912857514796e-02,-1.848043420022573531e-03,-8.500610616597244912e-05,6.768335907452694366e-05,4.323737720300014319e-03,1.318447344677568757e-03,3.954241537263181692e-03
1.312651029375166145e-01,6.673208027126178998e-02,6.634444977817581524e-02,1.492377398380988485e-01,6.998966729969581524e-02,3.511037735451776748e-02,3.963521791804053979e-02,6.528592035474874156e-02,7.860699133829932017e-02,2.960155169316136536e-02,3.603472699187661860e-02,6.717189179226318307e-02,1.337101568169819787e-01,7.857717360806194817e-02,6.940076712750752053e-02,1.291107719278657417e-01,-5.145922645411332014e-02,-4.427298178454625033e-02,-3.063063779892247554e-03,-6.397922933085212205e-02,-3.246005955656870723e-02,-5.241777847140373370e-02,-2.838431807506538833e-03,-9.254126814457637722e-04,-4.637891905180557459e-04,2.717668756868852221e-03,1.871576992241133670e-04,3.160559552680195297e-03
1.316341204430405698e-01,6.583645621176238694e-02,6.636661327837974078e-02,1.494267088251254316e-01,6.909498257243490427e-02,3.438909069924031559e-02,3.827475407774068306e-02,6.519638853377314469e-02,7.874772038291916187e-02,2.760049411450590795e-02,3.452486263093500901e-02,6.621144535644296614e-02,1.337935406899941893e-01,7.912917485768042325e-02,6.791182716766690219e-02,1.314983485113458972e-01,-5.119419034365164239e-02,-4.355560753625122017e-02,-9.978027388438928582e-04,-6.438929780254938617e-02,-3.195408363485256753e-02,-5.202162283791673947e-02,-2.436741515601692932e-03,-7.634802376024447468e-04,2.618831164316155692e-04,3.129045084118061044e-03,7.157284582469278190e-04,3.569641635485314244e-03
9.797849749743761660e-02,7.057192477088164440e-02,9.472396698615909161e-02,7.759485903206160551e-02,9.215460079304448049e-02,7.348387312307821939e-02,6.372028158924264440e-02,6.115091539612802635e-02,9.780720641789664160e-02,7.999293414563525551e-02,8.290488249783183050e-02,5.155861494183343330e-02,5.292894357816123330e-02,6.663222994143921940e-02,7.074321585042261940e-02,6.663222994143921940e-02,-4.776163303277768807e-02,-4.645412417255648241e-02,7.281668602613954652e-04,-3.402992585334198294e-02,-2.070509557355743741e-02,-3.854075757640431504e-02,-5.812097841959497357e-03,-4.892163959981645979e-03,5.248464915569152171e-04,-4.735497544136625105e-05,-3.209805227580561963e-04,-3.268056345732574166e-03
1.309970733555327338e-01,6.630540036117624214e-02,6.543048793338239466e-02,1.513080033459467955e-01,6.978560757395618763e-02,3.482151462619489241e-02,3.835356850136262263e-02,6.508052296226486677e-02,7.703117864264889814e-02,2.850918348048228634e-02,3.476966796380710767e-02,6.675257782427086728e-02,1.362335862566988187e-01,7.840511519592514855e-02,6.850888351265703446e-02,1.321312190952654841e-01,-5.162700296235876729e-02,-4.418034180204675337e-02,-1.978907726234984711e-03,-6.526953372961324940e-02,-3.255712229704995492e-02,-5.263998479555207638e-02,-2.537910697014515975e-03,-8.052234762087393102e-04,-2.091085560996707652e-04,3.438496954279056470e-03,5.319340167807434273e-04,3.411114439546481057e-03
1.297713131011968835e-01,6.702167943401660111e-02,6.532934082905325623e-02,1.525133015454234464e-01,7.065989051734604398e-02,3.517148658779630649e-02,3.899984807617780380e-02,6.484128812275295750e-02,7.719472610430187787e-02,2.897258338309909725e-02,3.493696775489876089e-02,6.733859677577003211e-02,1.370033668400102711e-01,7.850676389916109998e-02,6.917671735793995413e-02,1.301072454834555081e-01,-5.221594637883576057e-02,-4.481352260491077572e-02,-2.831346090999000645e-03,-6.589432311188002378e-02,-3.301795788217471578e-02,-5.332556585804720806e-02,-2.414317710987545773e-03,-5.695625985372705473e-04,-2.793861570769844605e-04,3.485803418959291730e-03,7.633626603978136511e-04,3.567646501692367609e-03
1.297304742325260662e-01,6.703248126375833948e-02,6.535318389800905126e-02,1.524358420116947166e-01,7.066990272768321202e-02,3.508780948737284106e-02,3.904207951087305256e-02,6.494761774175261682e-02,7.726035276685022657e-02,2.897263228756883496e-02,3.496107006354270963e-02,6.734299285214216668e-02,1.368849147077371708e-01,7.865448642898170695e-02,6.918071449767912440e-02,1.301233664463994910e-01,-5.220662011990086226e-02,-4.480036227593976739e-02,-2.808033609902377877e-03,-6.585488719213444808e-02,-3.299780511096257751e-02,-5.330111667084278665e-02,-2.431253647392484646e-03,-5.952976988047721345e-04,-3.851011296353034664e-04,3.450161773411830439e-03,6.980802015110046171e-04,3.552314556021200428e-03
1.302590716876411425e-01,6.662918711986386133e-02,6.542308460423754135e-02,1.520965468647481333e-01,7.040703203653461695e-02,3.523861423962151157e-02,3.881225132295872127e-02,6.485513156777859833e-02,7.713950904175023715e-02,2.886988243753127806e-02,3.494506547920452760e-02,6.706312876569765768e-02,1.365958960157729885e-01,7.857534536987678675e-02,6.883718431778292068e-02,1.306228168907665188e-01,-5.197149222373347033e-02,-4.452257260286485163e-02,-2.516767365684713462e-03,-6.562948886650879499e-02,-3.281643318799471604e-02,-5.297064838232446587e-02,-2.547432256577724426e-03,-7.100356738364957442e-04,-2.003349135217390316e-04,3.411217443431494023e-03,7.023385589031736842e-04,3.401901708945161834e-03
1.298166062835518220e-01,6.700436979753407463e-02,6.533005331608125743e-02,1.524579314304705668e-01,7.072718712561286425e-02,3.503380395282330861e-02,3.898493716473657583e-02,6.486707944052801100e-02,7.712637398086245877e-02,2.900245935486259544e-02,3.490696179513748387e-02,6.727708043655858394e-02,1.369324513297262846e-01,7.857237457848079143e-02,6.909092329146579448e-02,1.302288432960307385e-01,-5.218791258480399292e-02,-4.480606822548800078e-02,-2.777413129245447088e-03,-6.587025205637574155e-02,-3.299217756497236503e-02,-5.330921071884035106e-02,-2.430149197153932007e-03,-5.694912461733927459e-04,-2.818960603029204391e-04,3.537563601968152921e-03,7.382336041788121550e-04,3.589337002746005850e-03
1.298351152465464786e-01,6.624454550180883250e-02,6.546473534108915304e-02,1.515583982951661524e-01,7.045814158031937779e-02,3.530770710888772590e-02,3.872183394699657555e-02,6.514363703961634222e-02,7.689321366289690596e-02,2.883986989350684205e-02,3.509145723238562414e-02,6.718162829998457208e-02,1.359097708682872052e-01,7.923919717161662102e-02,6.872814256830260538e-02,1.314471597804711955e-01,-5.169178255746966627e-02,-4.428420179769076981e-02,-2.575620746041847910e-03,-6.519195567534312452e-02,-3.269407737543278403e-02,-5.270401073322950047e-02,-2.769667656376434504e-03,-8.840477056327515583e-04,-2.180841671721222902e-04,3.140188774777105674e-03,5.399560666785195497e-04,3.268750035051184999e-03
1.294271414991290670e-01,6.641355412880736719e-02,6.537594431191827427e-02,1.519935235544907781e-01,7.074671713770273873e-02,3.542882827604355161e-02,3.899846708005826057e-02,6.492566080647584059e-02,7.680270399350830335e-02,2.916401428727917466e-02,3.514821681613014559e-02,6.740548301036172751e-02,1.362270750161004018e-01,7.909327660815027028e-02,6.899778989917268457e-02,1.310063966921301004e-01,-5.193376046705137222e-02,-4.458455503036622830e-02,-2.791346781994647960e-03,-6.544432600045678450e-02,-3.286944825856641383e-02,-5.305794258553528375e-02,-2.644900566043869704e-03,-7.491998477042858704e-04,-3.418502751308277765e-04,3.313047684221513602e-03,5.205867503577571226e-04,3.428902260811756038e-03
1.299618801266310408e-01,6.627629566891782287e-02,6.537774519819622432e-02,1.515730027618694686e-01,7.048702123244530993e-02,3.533205391078281243e-02,3.869014034150878439e-02,6.514162974603580902e-02,7.682278586541657628e-02,2.889134907685136228e-02,3.516808484678252134e-02,6.719452242731945024e-02,1.359106777685616385e-01,7.915114657422070432e-02,6.884077182988239396e-02,1.313457790267935077e-01,-5.172285366098901271e-02,-4.428683126469007414e-02,-2.623861146114330606e-03,-6.515973057507573607e-02,-3.271081454362593371e-02,-5.277199490794769188e-02,-2.744119033057623638e-03,-9.004701233629562466e-04,-1.895316304356020230e-04,3.118567611518127409e-03,5.251756222232074325e-04,3.301577249342151077e-03
1.306273888638557756e-01,6.626927399684727493e-02,6.525629212590799977e-02,1.513394915183274569e-01,7.034146111802315471e-02,3.544085905792871555e-02,3.860811570773217682e-02,6.525629212590799977e-02,7.704064789116821244e-02,2.893076223402565178e-02,3.521124983384914947e-02,6.668797317016883497e-02,1.354761954194184381e-01,7.900583272079041153e-02,6.879497546172252953e-02,1.312014119240546839e-01,-5.153988636098117554e-02,-4.413933735095460636e-02,-2.512728594802822110e-03,-6.490834408167540925e-02,-3.257773578321805641e-02,-5.249480724123602171e-02,-2.797466699116276777e-03,-9.216323135504194894e-04,-2.555551404792079937e-04,3.060801613252290242e-03,4.065907626435439335e-04,3.191878020389595384e-03
1.349738379139210076e-01,6.741726616794510574e-02,6.599104239286804341e-02,1.536872205627228538e-01,7.124485276431472003e-02,3.396402664369565366e-02,3.430897378929569086e-02,6.465105540419099905e-02,7.517857694394587675e-02,2.698548054424881534e-02,3.380482026880333307e-02,6.658143269976041223e-02,1.406720994152754201e-01,7.579550164665363465e-02,6.845210760474521039e-02,1.325525742957669173e-01,-5.154978559213870687e-02,-4.409970988885086873e-02,-2.852162709229171585e-03,-6.673508151275217570e-02,-3.311812362361075956e-02,-5.327204019849973715e-02,-2.480329559590876976e-03,-6.752080575144982135e-04,-1.884093505140204851e-06,3.957009526979521699e-03,7.694121901543676464e-04,3.797034460404320050e-03
1.320086415700646998e-01,6.759913016968127630e-02,6.680010143521358801e-02,1.535629288949736382e-01,7.202302096783166907e-02,3.464406699931868450e-02,3.633956699684769143e-02,6.489022787477861931e-02,7.752527574908479879e-02,2.806344823496282129e-02,3.423480837922547593e-02,6.689104779523430411e-02,1.384138637829520346e-01,7.759673360338677217e-02,6.933360717864772704e-02,1.287215802721732028e-01,-5.195061573391680787e-02,-4.447286435380167630e-02,-3.233238914573669659e-03,-6.636004123972166768e-02,-3.313002971584636663e-02,-5.353289497143778192e-02,-2.693797103238270742e-03,-7.499112114047583062e-04,-2.477016883813788826e-04,3.504742225607692611e-03,5.456224122226388919e-04,3.672680390115075875e-03
1.344248840732167327e-01,6.777798362008791155e-02,6.609139806935600270e-02,1.544832050872785023e-01,7.183382030160991027e-02,3.424036379977977995e-02,3.484940858198852520e-02,6.456543971393187420e-02,7.554832419310283931e-02,2.764126319255091196e-02,3.407973660447197184e-02,6.677406364941415595e-02,1.409704422820096670e-01,7.582942178489149310e-02,6.902284438372338626e-02,1.314666665596313788e-01,-5.188428289596605514e-02,-4.450723506897059922e-02,-3.542314864185117963e-03,-6.690854379527892692e-02,-3.339827639889290239e-02,-5.362953902665851258e-02,-2.559751440694309037e-03,-6.724672676880498381e-04,-4.761463502753442026e-04,3.618068647999373236e-03,5.553428209581588856e-04,3.805879742607253761e-03
1.090789481278888196e-01,6.356669735728694148e-02,5.594997770352918426e-02,1.719874104533695158e-01,8.077484176022110829e-02,4.034040409212440170e-02,3.131318079878187693e-02,6.629367106048415781e-02,6.065165650214507376e-02,2.755183775988916117e-02,3.046687861503101849e-02,6.619963748451183905e-02,1.500775872518194387e-01,8.716912492633874243e-02,6.713997324423501278e-02,1.469744792447329473e-01,-5.422825629141612286e-02,-4.644324154496361212e-02,-2.178895726718128520e-03,-7.414068431184980823e-02,-3.537052490466505161e-02,-5.784191959764471008e-02,-2.532791415864310818e-03,3.601630508011800357e-04,1.103586195795898525e-03,5.772589423597077399e-03,2.752054712004315187e-03,7.211614028534083821e-03
1.348047755423977534e-01,6.768871907014194222e-02,6.621327072970589755e-02,1.544033108041717173e-01,7.179841536085426745e-02,3.415763966214986624e-02,3.448102559977968273e-02,6.454918059231909422e-02,7.535566067478229046e-02,2.735979776488966370e-02,3.401615831443681459e-02,6.684656819089762614e-02,1.411512245683829991e-01,7.578684192495539762e-02,6.886099309405005475e-02,1.319279881388991382e-01,-5.170569903306543313e-02,-4.433224641301086733e-02,-3.476455795956439037e-03,-6.688357083172839779e-02,-3.335709361838559706e-02,-5.355161564274073943e-02,-2.711293087200655153e-03,-7.884550166894378894e-04,-3.949939001847110106e-04,3.626568874830660757e-03,4.705397901551961718e-04,3.702744641162158089e-03
